"archivo","pagina","url_descarga","formato_descargado","formato_guardado"
"web-01-logo-jb-cars.png","https://www.jbcarsmiami.com/","https://static.wixstatic.com/media/05424d_a5f829e85b3f4e1e8a12ef71e4130150~mv2.png/v1/fill/w_294,h_108,al_c,q_85,usm_0.66_1.00_0.01,enc_avif,quality_auto/logo_JB_cars_negro.png","image/avif","PNG"
"web-02-retrato-jesus.png","https://www.jbcarsmiami.com/","https://static.wixstatic.com/media/05424d_9825abf5e53a488f9f8eedb4b2161a10~mv2.png/v1/fill/w_1116,h_1482,al_c,q_90,usm_0.66_1.00_0.01,enc_avif,quality_auto/Jesus%20F_%20Bouquet%20Meinhardt.png","image/avif","PNG"
"web-03-medio-el-nacional.png","https://www.jbcarsmiami.com/","https://static.wixstatic.com/media/05424d_816c969290ba4c26a7a2c498ac526d21~mv2.png/v1/fill/w_1200,h_1200,al_c,q_90,usm_0.66_1.00_0.01,enc_avif,quality_auto/Untitled%20design%20(15).png","image/avif","PNG"
"web-04-medio-2001.png","https://www.jbcarsmiami.com/","https://static.wixstatic.com/media/05424d_11553599f17b4346a0260da17f6feae4~mv2.png/v1/fill/w_284,h_288,al_c,q_85,usm_0.66_1.00_0.01,enc_avif,quality_auto/1.png","image/avif","PNG"
"web-05-medio-miami-diario.png","https://www.jbcarsmiami.com/","https://static.wixstatic.com/media/05424d_f72cb701fb274a308b73b6f2e2d84a07~mv2.png/v1/fill/w_338,h_338,al_c,q_85,usm_0.66_1.00_0.01,enc_avif,quality_auto/05424d_f72cb701fb274a308b73b6f2e2d84a07~mv2.png","image/avif","PNG"
"web-06-medio-caracol.png","https://www.jbcarsmiami.com/","https://static.wixstatic.com/media/05424d_e9c8c1b945db448d897b58719c99b079~mv2.png/v1/fill/w_352,h_234,al_c,q_85,usm_0.66_1.00_0.01,enc_avif,quality_auto/caracol_radio_ev_red_edited_edited.png","image/avif","PNG"
"web-07-medio-diario-libre.png","https://www.jbcarsmiami.com/","https://static.wixstatic.com/media/05424d_8976fb9d318747de9f71877f17d85565~mv2.png/v1/fill/w_322,h_322,al_c,q_85,usm_0.66_1.00_0.01,enc_avif,quality_auto/05424d_8976fb9d318747de9f71877f17d85565~mv2.png","image/avif","PNG"
"web-08-medio-alberto-news.png","https://www.jbcarsmiami.com/","https://static.wixstatic.com/media/05424d_508820dfe77f48c395013a3f63692f71~mv2.png/v1/fill/w_322,h_338,al_c,q_85,usm_0.66_1.00_0.01,enc_avif,quality_auto/PROS%20(7).png","image/avif","PNG"
"web-09-medio-evtv.png","https://www.jbcarsmiami.com/","https://static.wixstatic.com/media/05424d_b6549343ab714fdf9a621c651e6ea7a1~mv2.png/v1/fill/w_308,h_308,al_c,q_85,usm_0.66_1.00_0.01,enc_avif,quality_auto/Untitled%20design.png","image/avif","PNG"
"web-10-entrevista-jesus.png","https://www.jbcarsmiami.com/","https://static.wixstatic.com/media/05424d_ae1f44f6b634433eb5bb84bf7432e25b~mv2.png/v1/fill/w_1898,h_1080,al_c,q_95,usm_0.66_1.00_0.01,enc_avif,quality_auto/05424d_ae1f44f6b634433eb5bb84bf7432e25b~mv2.png","image/avif","PNG"
"web-11-jesus-concesionario.png","https://www.jbcarsmiami.com/","https://static.wixstatic.com/media/05424d_30cb23964cd747b792d619fd824ac3fd~mv2.png/v1/fill/w_1898,h_1112,al_c,q_95,usm_0.66_1.00_0.01,enc_avif,quality_auto/05424d_30cb23964cd747b792d619fd824ac3fd~mv2.png","image/avif","PNG"
